{
  "info": {
    "name": "Rikhh API Collection",
    "description": "Complete API collection for Rikhh Backend",
    "schema": "https://schema.getpostman.com/json/collection/v2.1.0/collection.json"
  },
  "item": [
    {
      "name": "📚 API Documentation",
      "item": [
        {
          "name": "How to Use This Collection",
          "request": {
            "method": "GET",
            "header": [],
            "url": {
              "raw": "https://github.com/your-repo/rikhh-backend#api-documentation",
              "host": [
                "https://github.com"
              ],
              "path": [
                "your-repo",
                "rikhh-backend"
              ]
            }
          },
          "response": []
        },
        {
          "name": "Authentication",
          "request": {
            "method": "POST",
            "header": [
              {
                "key": "Content-Type",
                "value": "application/json",
                "type": "text"
              }
            ],
            "url": {
              "raw": "{{baseUrl}}/api/login",
              "host": [
                "{{baseUrl}}"
              ],
              "path": [
                "api",
                "login"
              ]
            },
            "body": {
              "mode": "raw",
              "raw": "{\n  \"email\": \"your_email@example.com\",\n  \"password\": \"your_password\"\n}",
              "options": {
                "raw": {
                  "language": "json"
                }
              }
            }
          },
          "response": []
        },
        {
          "name": "Environment Variables",
          "request": {
            "method": "GET",
            "header": [],
            "url": {
              "raw": "https://learning.postman.com/docs/sending-requests/managing-environments/",
              "host": [
                "https://learning.postman.com"
              ],
              "path": [
                "docs",
                "sending-requests",
                "managing-environments"
              ]
            }
          },
          "response": []
        }
      ]
    },
    {
      "name": "Addresses",
      "item": [
        {
          "name": "Create a new address",
          "request": {
            "method": "POST",
            "header": [
              {
                "key": "Authorization",
                "value": "Bearer {{authToken}}",
                "type": "text"
              }
            ],
            "url": {
              "raw": "{{baseUrl}}/api/v1/addresses",
              "host": [
                "{{baseUrl}}"
              ],
              "path": [
                "api",
                "v1",
                "addresses"
              ]
            },
            "body": {
              "mode": "raw",
              "raw": "{}",
              "options": {
                "raw": {
                  "language": "json"
                }
              }
            }
          },
          "response": []
        },
        {
          "name": "Get all addresses",
          "request": {
            "method": "GET",
            "header": [
              {
                "key": "Authorization",
                "value": "Bearer {{authToken}}",
                "type": "text"
              }
            ],
            "url": {
              "raw": "{{baseUrl}}/api/v1/addresses",
              "host": [
                "{{baseUrl}}"
              ],
              "path": [
                "api",
                "v1",
                "addresses"
              ],
              "query": [
                {
                  "key": "page",
                  "value": 1,
                  "description": "Page number for pagination",
                  "disabled": false
                },
                {
                  "key": "limit",
                  "value": 10,
                  "description": "Number of items per page",
                  "disabled": false
                },
                {
                  "key": "type",
                  "value": "",
                  "description": "Filter by address type",
                  "disabled": false
                },
                {
                  "key": "isDefault",
                  "value": "",
                  "description": "Filter by default status",
                  "disabled": false
                }
              ]
            }
          },
          "response": []
        },
        {
          "name": "Get address by ID",
          "request": {
            "method": "GET",
            "header": [
              {
                "key": "Authorization",
                "value": "Bearer {{authToken}}",
                "type": "text"
              }
            ],
            "url": {
              "raw": "{{baseUrl}}/api/v1/addresses/{addressId}",
              "host": [
                "{{baseUrl}}"
              ],
              "path": [
                "api",
                "v1",
                "addresses",
                "{addressId}",
                "{{addressId}}"
              ]
            }
          },
          "response": []
        },
        {
          "name": "Update an address",
          "request": {
            "method": "PUT",
            "header": [
              {
                "key": "Authorization",
                "value": "Bearer {{authToken}}",
                "type": "text"
              }
            ],
            "url": {
              "raw": "{{baseUrl}}/api/v1/addresses/{addressId}",
              "host": [
                "{{baseUrl}}"
              ],
              "path": [
                "api",
                "v1",
                "addresses",
                "{addressId}",
                "{{addressId}}"
              ]
            },
            "body": {
              "mode": "raw",
              "raw": "{}",
              "options": {
                "raw": {
                  "language": "json"
                }
              }
            }
          },
          "response": []
        },
        {
          "name": "Delete an address",
          "request": {
            "method": "DELETE",
            "header": [
              {
                "key": "Authorization",
                "value": "Bearer {{authToken}}",
                "type": "text"
              }
            ],
            "url": {
              "raw": "{{baseUrl}}/api/v1/addresses/{addressId}",
              "host": [
                "{{baseUrl}}"
              ],
              "path": [
                "api",
                "v1",
                "addresses",
                "{addressId}",
                "{{addressId}}"
              ]
            }
          },
          "response": []
        },
        {
          "name": "Set address as default",
          "request": {
            "method": "PATCH",
            "header": [
              {
                "key": "Authorization",
                "value": "Bearer {{authToken}}",
                "type": "text"
              }
            ],
            "url": {
              "raw": "{{baseUrl}}/api/v1/addresses/{addressId}/default",
              "host": [
                "{{baseUrl}}"
              ],
              "path": [
                "api",
                "v1",
                "addresses",
                "{addressId}",
                "{{addressId}}"
              ]
            }
          },
          "response": []
        },
        {
          "name": "Get default address by type",
          "request": {
            "method": "GET",
            "header": [
              {
                "key": "Authorization",
                "value": "Bearer {{authToken}}",
                "type": "text"
              }
            ],
            "url": {
              "raw": "{{baseUrl}}/api/v1/addresses/default/{type}",
              "host": [
                "{{baseUrl}}"
              ],
              "path": [
                "api",
                "v1",
                "addresses",
                "default",
                "{type}",
                "{{type}}"
              ]
            }
          },
          "response": []
        },
        {
          "name": "Get addresses by type",
          "request": {
            "method": "GET",
            "header": [
              {
                "key": "Authorization",
                "value": "Bearer {{authToken}}",
                "type": "text"
              }
            ],
            "url": {
              "raw": "{{baseUrl}}/api/v1/addresses/type/{type}",
              "host": [
                "{{baseUrl}}"
              ],
              "path": [
                "api",
                "v1",
                "addresses",
                "type",
                "{type}",
                "{{type}}"
              ],
              "query": [
                {
                  "key": "page",
                  "value": 1,
                  "description": "Page number for pagination",
                  "disabled": false
                },
                {
                  "key": "limit",
                  "value": 10,
                  "description": "Number of items per page",
                  "disabled": false
                }
              ]
            }
          },
          "response": []
        }
      ]
    },
    {
      "name": "Attributes",
      "item": [
        {
          "name": "Get all attributes",
          "request": {
            "method": "GET",
            "header": [],
            "url": {
              "raw": "{{baseUrl}}/api/v1/attributes",
              "host": [
                "{{baseUrl}}"
              ],
              "path": [
                "api",
                "v1",
                "attributes"
              ],
              "query": [
                {
                  "key": "page",
                  "value": 1,
                  "description": "Page number for pagination",
                  "disabled": false
                },
                {
                  "key": "limit",
                  "value": 10,
                  "description": "Number of items per page",
                  "disabled": false
                },
                {
                  "key": "search",
                  "value": "",
                  "description": "Search term for filtering attributes",
                  "disabled": false
                },
                {
                  "key": "type",
                  "value": "",
                  "description": "Filter by attribute type",
                  "disabled": false
                }
              ]
            }
          },
          "response": []
        },
        {
          "name": "Create a new attribute",
          "request": {
            "method": "POST",
            "header": [],
            "url": {
              "raw": "{{baseUrl}}/api/v1/attributes",
              "host": [
                "{{baseUrl}}"
              ],
              "path": [
                "api",
                "v1",
                "attributes"
              ]
            },
            "body": {
              "mode": "raw",
              "raw": "{}",
              "options": {
                "raw": {
                  "language": "json"
                }
              }
            }
          },
          "response": []
        },
        {
          "name": "Get attribute by ID",
          "request": {
            "method": "GET",
            "header": [],
            "url": {
              "raw": "{{baseUrl}}/api/v1/attributes/{id}",
              "host": [
                "{{baseUrl}}"
              ],
              "path": [
                "api",
                "v1",
                "attributes",
                "{id}",
                "{{id}}"
              ]
            }
          },
          "response": []
        },
        {
          "name": "Update an attribute",
          "request": {
            "method": "PUT",
            "header": [],
            "url": {
              "raw": "{{baseUrl}}/api/v1/attributes/{id}",
              "host": [
                "{{baseUrl}}"
              ],
              "path": [
                "api",
                "v1",
                "attributes",
                "{id}",
                "{{id}}"
              ]
            },
            "body": {
              "mode": "raw",
              "raw": "{}",
              "options": {
                "raw": {
                  "language": "json"
                }
              }
            }
          },
          "response": []
        },
        {
          "name": "Delete an attribute",
          "request": {
            "method": "DELETE",
            "header": [],
            "url": {
              "raw": "{{baseUrl}}/api/v1/attributes/{id}",
              "host": [
                "{{baseUrl}}"
              ],
              "path": [
                "api",
                "v1",
                "attributes",
                "{id}",
                "{{id}}"
              ]
            }
          },
          "response": []
        },
        {
          "name": "Get attribute values",
          "request": {
            "method": "GET",
            "header": [],
            "url": {
              "raw": "{{baseUrl}}/api/v1/attributes/{id}/values",
              "host": [
                "{{baseUrl}}"
              ],
              "path": [
                "api",
                "v1",
                "attributes",
                "{id}",
                "{{id}}"
              ],
              "query": [
                {
                  "key": "page",
                  "value": 1,
                  "description": "Page number for pagination",
                  "disabled": false
                },
                {
                  "key": "limit",
                  "value": 10,
                  "description": "Number of items per page",
                  "disabled": false
                }
              ]
            }
          },
          "response": []
        },
        {
          "name": "Create an attribute value",
          "request": {
            "method": "POST",
            "header": [],
            "url": {
              "raw": "{{baseUrl}}/api/v1/attributes/{id}/values",
              "host": [
                "{{baseUrl}}"
              ],
              "path": [
                "api",
                "v1",
                "attributes",
                "{id}",
                "{{id}}"
              ]
            },
            "body": {
              "mode": "raw",
              "raw": "{}",
              "options": {
                "raw": {
                  "language": "json"
                }
              }
            }
          },
          "response": []
        },
        {
          "name": "Get attribute value by ID",
          "request": {
            "method": "GET",
            "header": [],
            "url": {
              "raw": "{{baseUrl}}/api/v1/attributes/{id}/values/{valueId}",
              "host": [
                "{{baseUrl}}"
              ],
              "path": [
                "api",
                "v1",
                "attributes",
                "{id}",
                "{{id}}",
                "{valueId}",
                "{{valueId}}"
              ]
            }
          },
          "response": []
        },
        {
          "name": "Update an attribute value",
          "request": {
            "method": "PUT",
            "header": [],
            "url": {
              "raw": "{{baseUrl}}/api/v1/attributes/{id}/values/{valueId}",
              "host": [
                "{{baseUrl}}"
              ],
              "path": [
                "api",
                "v1",
                "attributes",
                "{id}",
                "{{id}}",
                "{valueId}",
                "{{valueId}}"
              ]
            },
            "body": {
              "mode": "raw",
              "raw": "{}",
              "options": {
                "raw": {
                  "language": "json"
                }
              }
            }
          },
          "response": []
        },
        {
          "name": "Delete an attribute value",
          "request": {
            "method": "DELETE",
            "header": [],
            "url": {
              "raw": "{{baseUrl}}/api/v1/attributes/{id}/values/{valueId}",
              "host": [
                "{{baseUrl}}"
              ],
              "path": [
                "api",
                "v1",
                "attributes",
                "{id}",
                "{{id}}",
                "{valueId}",
                "{{valueId}}"
              ]
            }
          },
          "response": []
        }
      ]
    },
    {
      "name": "Cart",
      "item": [
        {
          "name": "Add item to cart",
          "request": {
            "method": "POST",
            "header": [],
            "url": {
              "raw": "{{baseUrl}}/api/v1/cart/add",
              "host": [
                "{{baseUrl}}"
              ],
              "path": [
                "api",
                "v1",
                "cart",
                "add"
              ]
            },
            "body": {
              "mode": "raw",
              "raw": "{}",
              "options": {
                "raw": {
                  "language": "json"
                }
              }
            }
          },
          "response": []
        },
        {
          "name": "Get cart items",
          "request": {
            "method": "GET",
            "header": [],
            "url": {
              "raw": "{{baseUrl}}/api/v1/cart/items",
              "host": [
                "{{baseUrl}}"
              ],
              "path": [
                "api",
                "v1",
                "cart",
                "items"
              ]
            }
          },
          "response": []
        },
        {
          "name": "Get cart summary",
          "request": {
            "method": "GET",
            "header": [],
            "url": {
              "raw": "{{baseUrl}}/api/v1/cart/summary",
              "host": [
                "{{baseUrl}}"
              ],
              "path": [
                "api",
                "v1",
                "cart",
                "summary"
              ]
            }
          },
          "response": []
        },
        {
          "name": "Get cart for coupon validation",
          "request": {
            "method": "GET",
            "header": [],
            "url": {
              "raw": "{{baseUrl}}/api/v1/cart/coupon-validation",
              "host": [
                "{{baseUrl}}"
              ],
              "path": [
                "api",
                "v1",
                "cart",
                "coupon-validation"
              ]
            }
          },
          "response": []
        },
        {
          "name": "Update cart item",
          "request": {
            "method": "PUT",
            "header": [],
            "url": {
              "raw": "{{baseUrl}}/api/v1/cart/{id}",
              "host": [
                "{{baseUrl}}"
              ],
              "path": [
                "api",
                "v1",
                "cart",
                "{id}",
                "{{id}}"
              ]
            },
            "body": {
              "mode": "raw",
              "raw": "{}",
              "options": {
                "raw": {
                  "language": "json"
                }
              }
            }
          },
          "response": []
        },
        {
          "name": "Remove item from cart",
          "request": {
            "method": "DELETE",
            "header": [],
            "url": {
              "raw": "{{baseUrl}}/api/v1/cart/remove/{id}",
              "host": [
                "{{baseUrl}}"
              ],
              "path": [
                "api",
                "v1",
                "cart",
                "remove",
                "{id}",
                "{{id}}"
              ]
            }
          },
          "response": []
        },
        {
          "name": "Clear cart",
          "request": {
            "method": "DELETE",
            "header": [],
            "url": {
              "raw": "{{baseUrl}}/api/v1/cart/clear",
              "host": [
                "{{baseUrl}}"
              ],
              "path": [
                "api",
                "v1",
                "cart",
                "clear"
              ]
            }
          },
          "response": []
        }
      ]
    },
    {
      "name": "Categories",
      "item": [
        {
          "name": "Create a new category",
          "request": {
            "method": "POST",
            "header": [
              {
                "key": "Authorization",
                "value": "Bearer {{authToken}}",
                "type": "text"
              }
            ],
            "url": {
              "raw": "{{baseUrl}}/api/v1/categories/store",
              "host": [
                "{{baseUrl}}"
              ],
              "path": [
                "api",
                "v1",
                "categories",
                "store"
              ]
            },
            "body": {
              "mode": "raw",
              "raw": "{}",
              "options": {
                "raw": {
                  "language": "json"
                }
              }
            }
          },
          "response": []
        },
        {
          "name": "Get all categories (restricted)",
          "request": {
            "method": "GET",
            "header": [
              {
                "key": "Authorization",
                "value": "Bearer {{authToken}}",
                "type": "text"
              }
            ],
            "url": {
              "raw": "{{baseUrl}}/api/v1/categories/all",
              "host": [
                "{{baseUrl}}"
              ],
              "path": [
                "api",
                "v1",
                "categories",
                "all"
              ],
              "query": [
                {
                  "key": "page",
                  "value": 1,
                  "description": "Page number for pagination",
                  "disabled": false
                },
                {
                  "key": "limit",
                  "value": 10,
                  "description": "Number of items per page",
                  "disabled": false
                },
                {
                  "key": "search",
                  "value": "",
                  "description": "Search term for filtering categories",
                  "disabled": false
                }
              ]
            }
          },
          "response": []
        },
        {
          "name": "Get all categories (unrestricted)",
          "request": {
            "method": "GET",
            "header": [],
            "url": {
              "raw": "{{baseUrl}}/api/v1/categories/all/unrestricted",
              "host": [
                "{{baseUrl}}"
              ],
              "path": [
                "api",
                "v1",
                "categories",
                "all",
                "unrestricted"
              ],
              "query": [
                {
                  "key": "page",
                  "value": 1,
                  "description": "Page number for pagination",
                  "disabled": false
                },
                {
                  "key": "limit",
                  "value": 10,
                  "description": "Number of items per page",
                  "disabled": false
                }
              ]
            }
          },
          "response": []
        },
        {
          "name": "Get parent categories",
          "request": {
            "method": "GET",
            "header": [
              {
                "key": "Authorization",
                "value": "Bearer {{authToken}}",
                "type": "text"
              }
            ],
            "url": {
              "raw": "{{baseUrl}}/api/v1/categories/parents",
              "host": [
                "{{baseUrl}}"
              ],
              "path": [
                "api",
                "v1",
                "categories",
                "parents"
              ]
            }
          },
          "response": []
        },
        {
          "name": "Get category by ID",
          "request": {
            "method": "GET",
            "header": [
              {
                "key": "Authorization",
                "value": "Bearer {{authToken}}",
                "type": "text"
              }
            ],
            "url": {
              "raw": "{{baseUrl}}/api/v1/categories/{id}",
              "host": [
                "{{baseUrl}}"
              ],
              "path": [
                "api",
                "v1",
                "categories",
                "{id}",
                "{{id}}"
              ]
            }
          },
          "response": []
        },
        {
          "name": "Delete a category",
          "request": {
            "method": "DELETE",
            "header": [
              {
                "key": "Authorization",
                "value": "Bearer {{authToken}}",
                "type": "text"
              }
            ],
            "url": {
              "raw": "{{baseUrl}}/api/v1/categories/{id}",
              "host": [
                "{{baseUrl}}"
              ],
              "path": [
                "api",
                "v1",
                "categories",
                "{id}",
                "{{id}}"
              ]
            }
          },
          "response": []
        },
        {
          "name": "Get subcategories",
          "request": {
            "method": "GET",
            "header": [
              {
                "key": "Authorization",
                "value": "Bearer {{authToken}}",
                "type": "text"
              }
            ],
            "url": {
              "raw": "{{baseUrl}}/api/v1/categories/{id}/subcategories",
              "host": [
                "{{baseUrl}}"
              ],
              "path": [
                "api",
                "v1",
                "categories",
                "{id}",
                "{{id}}"
              ]
            }
          },
          "response": []
        },
        {
          "name": "Get category by slug",
          "request": {
            "method": "GET",
            "header": [],
            "url": {
              "raw": "{{baseUrl}}/api/v1/categories/slug/{slug}",
              "host": [
                "{{baseUrl}}"
              ],
              "path": [
                "api",
                "v1",
                "categories",
                "slug",
                "{slug}",
                "{{slug}}"
              ]
            }
          },
          "response": []
        },
        {
          "name": "Update a category",
          "request": {
            "method": "PUT",
            "header": [
              {
                "key": "Authorization",
                "value": "Bearer {{authToken}}",
                "type": "text"
              }
            ],
            "url": {
              "raw": "{{baseUrl}}/api/v1/categories/update/{id}",
              "host": [
                "{{baseUrl}}"
              ],
              "path": [
                "api",
                "v1",
                "categories",
                "update",
                "{id}",
                "{{id}}"
              ]
            },
            "body": {
              "mode": "raw",
              "raw": "{}",
              "options": {
                "raw": {
                  "language": "json"
                }
              }
            }
          },
          "response": []
        }
      ]
    },
    {
      "name": "Checkout",
      "item": [
        {
          "name": "Initiate checkout process",
          "request": {
            "method": "POST",
            "header": [],
            "url": {
              "raw": "{{baseUrl}}/api/v1/checkout/initiate",
              "host": [
                "{{baseUrl}}"
              ],
              "path": [
                "api",
                "v1",
                "checkout",
                "initiate"
              ]
            },
            "body": {
              "mode": "raw",
              "raw": "{}",
              "options": {
                "raw": {
                  "language": "json"
                }
              }
            }
          },
          "response": []
        },
        {
          "name": "Calculate shipping costs",
          "request": {
            "method": "POST",
            "header": [],
            "url": {
              "raw": "{{baseUrl}}/api/v1/checkout/calculate-shipping",
              "host": [
                "{{baseUrl}}"
              ],
              "path": [
                "api",
                "v1",
                "checkout",
                "calculate-shipping"
              ]
            }
          },
          "response": []
        },
        {
          "name": "Calculate shipping costs (preview)",
          "request": {
            "method": "POST",
            "header": [],
            "url": {
              "raw": "{{baseUrl}}/api/v1/checkout/calculate-shipping-preview",
              "host": [
                "{{baseUrl}}"
              ],
              "path": [
                "api",
                "v1",
                "checkout",
                "calculate-shipping-preview"
              ]
            }
          },
          "response": []
        },
        {
          "name": "Calculate tax",
          "request": {
            "method": "POST",
            "header": [],
            "url": {
              "raw": "{{baseUrl}}/api/v1/checkout/calculate-tax",
              "host": [
                "{{baseUrl}}"
              ],
              "path": [
                "api",
                "v1",
                "checkout",
                "calculate-tax"
              ]
            }
          },
          "response": []
        },
        {
          "name": "Apply coupon code",
          "request": {
            "method": "POST",
            "header": [],
            "url": {
              "raw": "{{baseUrl}}/api/v1/checkout/apply-coupon",
              "host": [
                "{{baseUrl}}"
              ],
              "path": [
                "api",
                "v1",
                "checkout",
                "apply-coupon"
              ]
            },
            "body": {
              "mode": "raw",
              "raw": "{}",
              "options": {
                "raw": {
                  "language": "json"
                }
              }
            }
          },
          "response": []
        },
        {
          "name": "Confirm order",
          "request": {
            "method": "POST",
            "header": [],
            "url": {
              "raw": "{{baseUrl}}/api/v1/checkout/confirm-order",
              "host": [
                "{{baseUrl}}"
              ],
              "path": [
                "api",
                "v1",
                "checkout",
                "confirm-order"
              ]
            },
            "body": {
              "mode": "raw",
              "raw": "{}",
              "options": {
                "raw": {
                  "language": "json"
                }
              }
            }
          },
          "response": []
        },
        {
          "name": "Get checkout session",
          "request": {
            "method": "GET",
            "header": [],
            "url": {
              "raw": "{{baseUrl}}/api/v1/checkout/session/{checkoutId}",
              "host": [
                "{{baseUrl}}"
              ],
              "path": [
                "api",
                "v1",
                "checkout",
                "session",
                "{checkoutId}",
                "{{checkoutId}}"
              ]
            }
          },
          "response": []
        },
        {
          "name": "Update checkout address",
          "request": {
            "method": "PUT",
            "header": [],
            "url": {
              "raw": "{{baseUrl}}/api/v1/checkout/address",
              "host": [
                "{{baseUrl}}"
              ],
              "path": [
                "api",
                "v1",
                "checkout",
                "address"
              ]
            },
            "body": {
              "mode": "raw",
              "raw": "{}",
              "options": {
                "raw": {
                  "language": "json"
                }
              }
            }
          },
          "response": []
        },
        {
          "name": "Get user orders",
          "request": {
            "method": "GET",
            "header": [],
            "url": {
              "raw": "{{baseUrl}}/api/v1/checkout/orders",
              "host": [
                "{{baseUrl}}"
              ],
              "path": [
                "api",
                "v1",
                "checkout",
                "orders"
              ],
              "query": [
                {
                  "key": "page",
                  "value": 1,
                  "description": "Page number for pagination",
                  "disabled": false
                },
                {
                  "key": "limit",
                  "value": 10,
                  "description": "Number of items per page",
                  "disabled": false
                }
              ]
            }
          },
          "response": []
        },
        {
          "name": "Get order by ID",
          "request": {
            "method": "GET",
            "header": [],
            "url": {
              "raw": "{{baseUrl}}/api/v1/checkout/orders/{id}",
              "host": [
                "{{baseUrl}}"
              ],
              "path": [
                "api",
                "v1",
                "checkout",
                "orders",
                "{id}",
                "{{id}}"
              ]
            }
          },
          "response": []
        },
        {
          "name": "Get user addresses",
          "request": {
            "method": "GET",
            "header": [
              {
                "key": "Authorization",
                "value": "Bearer {{authToken}}",
                "type": "text"
              }
            ],
            "url": {
              "raw": "{{baseUrl}}/api/v1/checkout/addresses",
              "host": [
                "{{baseUrl}}"
              ],
              "path": [
                "api",
                "v1",
                "checkout",
                "addresses"
              ]
            }
          },
          "response": []
        },
        {
          "name": "Get default addresses",
          "request": {
            "method": "GET",
            "header": [
              {
                "key": "Authorization",
                "value": "Bearer {{authToken}}",
                "type": "text"
              }
            ],
            "url": {
              "raw": "{{baseUrl}}/api/v1/checkout/addresses/default",
              "host": [
                "{{baseUrl}}"
              ],
              "path": [
                "api",
                "v1",
                "checkout",
                "addresses",
                "default"
              ]
            }
          },
          "response": []
        }
      ]
    },
    {
      "name": "Webhooks",
      "item": [
        {
          "name": "Authorize.net webhook",
          "request": {
            "method": "POST",
            "header": [],
            "url": {
              "raw": "{{baseUrl}}/api/v1/checkout/webhooks/authorize-net",
              "host": [
                "{{baseUrl}}"
              ],
              "path": [
                "api",
                "v1",
                "checkout",
                "webhooks",
                "authorize-net"
              ]
            }
          },
          "response": []
        },
        {
          "name": "Stripe webhook",
          "request": {
            "method": "POST",
            "header": [],
            "url": {
              "raw": "{{baseUrl}}/api/v1/checkout/webhooks/stripe",
              "host": [
                "{{baseUrl}}"
              ],
              "path": [
                "api",
                "v1",
                "checkout",
                "webhooks",
                "stripe"
              ]
            }
          },
          "response": []
        }
      ]
    },
    {
      "name": "Coupons",
      "item": [
        {
          "name": "Create a new coupon",
          "request": {
            "method": "POST",
            "header": [
              {
                "key": "Authorization",
                "value": "Bearer {{authToken}}",
                "type": "text"
              }
            ],
            "url": {
              "raw": "{{baseUrl}}/api/v1/coupons",
              "host": [
                "{{baseUrl}}"
              ],
              "path": [
                "api",
                "v1",
                "coupons"
              ]
            },
            "body": {
              "mode": "raw",
              "raw": "{}",
              "options": {
                "raw": {
                  "language": "json"
                }
              }
            }
          },
          "response": []
        },
        {
          "name": "Get all coupons",
          "request": {
            "method": "GET",
            "header": [
              {
                "key": "Authorization",
                "value": "Bearer {{authToken}}",
                "type": "text"
              }
            ],
            "url": {
              "raw": "{{baseUrl}}/api/v1/coupons",
              "host": [
                "{{baseUrl}}"
              ],
              "path": [
                "api",
                "v1",
                "coupons"
              ],
              "query": [
                {
                  "key": "page",
                  "value": 1,
                  "description": "Page number for pagination",
                  "disabled": false
                },
                {
                  "key": "limit",
                  "value": 10,
                  "description": "Number of items per page",
                  "disabled": false
                },
                {
                  "key": "search",
                  "value": "",
                  "description": "Search term for filtering coupons",
                  "disabled": false
                },
                {
                  "key": "isActive",
                  "value": "",
                  "description": "Filter by active status",
                  "disabled": false
                }
              ]
            }
          },
          "response": []
        },
        {
          "name": "Get coupon statistics",
          "request": {
            "method": "GET",
            "header": [
              {
                "key": "Authorization",
                "value": "Bearer {{authToken}}",
                "type": "text"
              }
            ],
            "url": {
              "raw": "{{baseUrl}}/api/v1/coupons/stats",
              "host": [
                "{{baseUrl}}"
              ],
              "path": [
                "api",
                "v1",
                "coupons",
                "stats"
              ]
            }
          },
          "response": []
        },
        {
          "name": "Export coupons",
          "request": {
            "method": "GET",
            "header": [
              {
                "key": "Authorization",
                "value": "Bearer {{authToken}}",
                "type": "text"
              }
            ],
            "url": {
              "raw": "{{baseUrl}}/api/v1/coupons/export",
              "host": [
                "{{baseUrl}}"
              ],
              "path": [
                "api",
                "v1",
                "coupons",
                "export"
              ]
            }
          },
          "response": []
        },
        {
          "name": "Bulk create coupons",
          "request": {
            "method": "POST",
            "header": [
              {
                "key": "Authorization",
                "value": "Bearer {{authToken}}",
                "type": "text"
              }
            ],
            "url": {
              "raw": "{{baseUrl}}/api/v1/coupons/bulk",
              "host": [
                "{{baseUrl}}"
              ],
              "path": [
                "api",
                "v1",
                "coupons",
                "bulk"
              ]
            }
          },
          "response": []
        },
        {
          "name": "Check coupon code availability",
          "request": {
            "method": "GET",
            "header": [
              {
                "key": "Authorization",
                "value": "Bearer {{authToken}}",
                "type": "text"
              }
            ],
            "url": {
              "raw": "{{baseUrl}}/api/v1/coupons/check-code/{code}",
              "host": [
                "{{baseUrl}}"
              ],
              "path": [
                "api",
                "v1",
                "coupons",
                "check-code",
                "{code}",
                "{{code}}"
              ]
            }
          },
          "response": []
        },
        {
          "name": "Get coupon by ID",
          "request": {
            "method": "GET",
            "header": [
              {
                "key": "Authorization",
                "value": "Bearer {{authToken}}",
                "type": "text"
              }
            ],
            "url": {
              "raw": "{{baseUrl}}/api/v1/coupons/{id}",
              "host": [
                "{{baseUrl}}"
              ],
              "path": [
                "api",
                "v1",
                "coupons",
                "{id}",
                "{{id}}"
              ]
            }
          },
          "response": []
        },
        {
          "name": "Update a coupon",
          "request": {
            "method": "PUT",
            "header": [
              {
                "key": "Authorization",
                "value": "Bearer {{authToken}}",
                "type": "text"
              }
            ],
            "url": {
              "raw": "{{baseUrl}}/api/v1/coupons/{id}",
              "host": [
                "{{baseUrl}}"
              ],
              "path": [
                "api",
                "v1",
                "coupons",
                "{id}",
                "{{id}}"
              ]
            },
            "body": {
              "mode": "raw",
              "raw": "{}",
              "options": {
                "raw": {
                  "language": "json"
                }
              }
            }
          },
          "response": []
        },
        {
          "name": "Delete a coupon",
          "request": {
            "method": "DELETE",
            "header": [
              {
                "key": "Authorization",
                "value": "Bearer {{authToken}}",
                "type": "text"
              }
            ],
            "url": {
              "raw": "{{baseUrl}}/api/v1/coupons/{id}",
              "host": [
                "{{baseUrl}}"
              ],
              "path": [
                "api",
                "v1",
                "coupons",
                "{id}",
                "{{id}}"
              ]
            }
          },
          "response": []
        },
        {
          "name": "Deactivate a coupon",
          "request": {
            "method": "PATCH",
            "header": [
              {
                "key": "Authorization",
                "value": "Bearer {{authToken}}",
                "type": "text"
              }
            ],
            "url": {
              "raw": "{{baseUrl}}/api/v1/coupons/{id}/deactivate",
              "host": [
                "{{baseUrl}}"
              ],
              "path": [
                "api",
                "v1",
                "coupons",
                "{id}",
                "{{id}}"
              ]
            }
          },
          "response": []
        },
        {
          "name": "Activate a coupon",
          "request": {
            "method": "PATCH",
            "header": [
              {
                "key": "Authorization",
                "value": "Bearer {{authToken}}",
                "type": "text"
              }
            ],
            "url": {
              "raw": "{{baseUrl}}/api/v1/coupons/{id}/activate",
              "host": [
                "{{baseUrl}}"
              ],
              "path": [
                "api",
                "v1",
                "coupons",
                "{id}",
                "{{id}}"
              ]
            }
          },
          "response": []
        },
        {
          "name": "Validate a coupon",
          "request": {
            "method": "POST",
            "header": [],
            "url": {
              "raw": "{{baseUrl}}/api/v1/coupons/validate",
              "host": [
                "{{baseUrl}}"
              ],
              "path": [
                "api",
                "v1",
                "coupons",
                "validate"
              ]
            },
            "body": {
              "mode": "raw",
              "raw": "{}",
              "options": {
                "raw": {
                  "language": "json"
                }
              }
            }
          },
          "response": []
        },
        {
          "name": "Get coupon by code",
          "request": {
            "method": "GET",
            "header": [],
            "url": {
              "raw": "{{baseUrl}}/api/v1/coupons/code/{code}",
              "host": [
                "{{baseUrl}}"
              ],
              "path": [
                "api",
                "v1",
                "coupons",
                "code",
                "{code}",
                "{{code}}"
              ]
            }
          },
          "response": []
        }
      ]
    },
    {
      "name": "Media",
      "item": [
        {
          "name": "Upload a media file",
          "request": {
            "method": "POST",
            "header": [],
            "url": {
              "raw": "{{baseUrl}}/api/v1/media/upload",
              "host": [
                "{{baseUrl}}"
              ],
              "path": [
                "api",
                "v1",
                "media",
                "upload"
              ]
            },
            "body": {
              "mode": "raw",
              "raw": "{}",
              "options": {
                "raw": {
                  "language": "json"
                }
              }
            }
          },
          "response": []
        },
        {
          "name": "Get all media files",
          "request": {
            "method": "GET",
            "header": [],
            "url": {
              "raw": "{{baseUrl}}/api/v1/media/all",
              "host": [
                "{{baseUrl}}"
              ],
              "path": [
                "api",
                "v1",
                "media",
                "all"
              ],
              "query": [
                {
                  "key": "page",
                  "value": 1,
                  "description": "Page number for pagination",
                  "disabled": false
                },
                {
                  "key": "limit",
                  "value": 10,
                  "description": "Number of items per page",
                  "disabled": false
                },
                {
                  "key": "search",
                  "value": "",
                  "description": "Search term for filtering media files",
                  "disabled": false
                },
                {
                  "key": "type",
                  "value": "",
                  "description": "Filter by file type (image, document, video, etc.)",
                  "disabled": false
                },
                {
                  "key": "tags",
                  "value": "",
                  "description": "Filter by tags (comma-separated)",
                  "disabled": false
                }
              ]
            }
          },
          "response": []
        },
        {
          "name": "Get media file by ID",
          "request": {
            "method": "GET",
            "header": [],
            "url": {
              "raw": "{{baseUrl}}/api/v1/media/{id}",
              "host": [
                "{{baseUrl}}"
              ],
              "path": [
                "api",
                "v1",
                "media",
                "{id}",
                "{{id}}"
              ]
            }
          },
          "response": []
        },
        {
          "name": "Update media file metadata",
          "request": {
            "method": "PUT",
            "header": [],
            "url": {
              "raw": "{{baseUrl}}/api/v1/media/{id}",
              "host": [
                "{{baseUrl}}"
              ],
              "path": [
                "api",
                "v1",
                "media",
                "{id}",
                "{{id}}"
              ]
            },
            "body": {
              "mode": "raw",
              "raw": "{}",
              "options": {
                "raw": {
                  "language": "json"
                }
              }
            }
          },
          "response": []
        },
        {
          "name": "Delete a media file",
          "request": {
            "method": "DELETE",
            "header": [],
            "url": {
              "raw": "{{baseUrl}}/api/v1/media/{id}",
              "host": [
                "{{baseUrl}}"
              ],
              "path": [
                "api",
                "v1",
                "media",
                "{id}",
                "{{id}}"
              ]
            }
          },
          "response": []
        }
      ]
    },
    {
      "name": "Orders",
      "item": [
        {
          "name": "Get all orders (admin)",
          "request": {
            "method": "GET",
            "header": [
              {
                "key": "Authorization",
                "value": "Bearer {{authToken}}",
                "type": "text"
              }
            ],
            "url": {
              "raw": "{{baseUrl}}/api/v1/orders",
              "host": [
                "{{baseUrl}}"
              ],
              "path": [
                "api",
                "v1",
                "orders"
              ],
              "query": [
                {
                  "key": "page",
                  "value": 1,
                  "description": "Page number for pagination",
                  "disabled": false
                },
                {
                  "key": "limit",
                  "value": 10,
                  "description": "Number of items per page",
                  "disabled": false
                },
                {
                  "key": "status",
                  "value": "",
                  "description": "Filter by order status",
                  "disabled": false
                },
                {
                  "key": "paymentStatus",
                  "value": "",
                  "description": "Filter by payment status",
                  "disabled": false
                },
                {
                  "key": "startDate",
                  "value": "",
                  "description": "Filter orders from this date",
                  "disabled": false
                },
                {
                  "key": "endDate",
                  "value": "",
                  "description": "Filter orders until this date",
                  "disabled": false
                }
              ]
            }
          },
          "response": []
        },
        {
          "name": "Get order statistics (admin)",
          "request": {
            "method": "GET",
            "header": [
              {
                "key": "Authorization",
                "value": "Bearer {{authToken}}",
                "type": "text"
              }
            ],
            "url": {
              "raw": "{{baseUrl}}/api/v1/orders/stats",
              "host": [
                "{{baseUrl}}"
              ],
              "path": [
                "api",
                "v1",
                "orders",
                "stats"
              ],
              "query": [
                {
                  "key": "period",
                  "value": "month",
                  "description": "Time period for statistics",
                  "disabled": false
                },
                {
                  "key": "startDate",
                  "value": "",
                  "description": "Start date for custom period",
                  "disabled": false
                },
                {
                  "key": "endDate",
                  "value": "",
                  "description": "End date for custom period",
                  "disabled": false
                }
              ]
            }
          },
          "response": []
        },
        {
          "name": "Get order by ID (admin)",
          "request": {
            "method": "GET",
            "header": [
              {
                "key": "Authorization",
                "value": "Bearer {{authToken}}",
                "type": "text"
              }
            ],
            "url": {
              "raw": "{{baseUrl}}/api/v1/orders/{id}",
              "host": [
                "{{baseUrl}}"
              ],
              "path": [
                "api",
                "v1",
                "orders",
                "{id}",
                "{{id}}"
              ]
            }
          },
          "response": []
        },
        {
          "name": "Update order status (admin)",
          "request": {
            "method": "PUT",
            "header": [
              {
                "key": "Authorization",
                "value": "Bearer {{authToken}}",
                "type": "text"
              }
            ],
            "url": {
              "raw": "{{baseUrl}}/api/v1/orders/{id}/status",
              "host": [
                "{{baseUrl}}"
              ],
              "path": [
                "api",
                "v1",
                "orders",
                "{id}",
                "{{id}}"
              ]
            },
            "body": {
              "mode": "raw",
              "raw": "{}",
              "options": {
                "raw": {
                  "language": "json"
                }
              }
            }
          },
          "response": []
        }
      ]
    },
    {
      "name": "Products",
      "item": [
        {
          "name": "Create a new product",
          "request": {
            "method": "POST",
            "header": [
              {
                "key": "Authorization",
                "value": "Bearer {{authToken}}",
                "type": "text"
              }
            ],
            "url": {
              "raw": "{{baseUrl}}/api/v1/products/store",
              "host": [
                "{{baseUrl}}"
              ],
              "path": [
                "api",
                "v1",
                "products",
                "store"
              ]
            },
            "body": {
              "mode": "raw",
              "raw": "{}",
              "options": {
                "raw": {
                  "language": "json"
                }
              }
            }
          },
          "response": []
        },
        {
          "name": "Get all products",
          "request": {
            "method": "GET",
            "header": [],
            "url": {
              "raw": "{{baseUrl}}/api/v1/products/all",
              "host": [
                "{{baseUrl}}"
              ],
              "path": [
                "api",
                "v1",
                "products",
                "all"
              ],
              "query": [
                {
                  "key": "page",
                  "value": 1,
                  "description": "Page number for pagination",
                  "disabled": false
                },
                {
                  "key": "limit",
                  "value": 10,
                  "description": "Number of items per page",
                  "disabled": false
                },
                {
                  "key": "search",
                  "value": "",
                  "description": "Search term for filtering products",
                  "disabled": false
                },
                {
                  "key": "categoryId",
                  "value": "",
                  "description": "Filter by category ID",
                  "disabled": false
                },
                {
                  "key": "sellerId",
                  "value": "",
                  "description": "Filter by seller ID",
                  "disabled": false
                }
              ]
            }
          },
          "response": []
        },
        {
          "name": "Get products by category",
          "request": {
            "method": "GET",
            "header": [],
            "url": {
              "raw": "{{baseUrl}}/api/v1/products/category/{categoryId}",
              "host": [
                "{{baseUrl}}"
              ],
              "path": [
                "api",
                "v1",
                "products",
                "category",
                "{categoryId}",
                "{{categoryId}}"
              ],
              "query": [
                {
                  "key": "page",
                  "value": 1,
                  "description": "Page number for pagination",
                  "disabled": false
                },
                {
                  "key": "limit",
                  "value": 10,
                  "description": "Number of items per page",
                  "disabled": false
                }
              ]
            }
          },
          "response": []
        },
        {
          "name": "Get products by seller",
          "request": {
            "method": "GET",
            "header": [],
            "url": {
              "raw": "{{baseUrl}}/api/v1/products/seller/{sellerId}",
              "host": [
                "{{baseUrl}}"
              ],
              "path": [
                "api",
                "v1",
                "products",
                "seller",
                "{sellerId}",
                "{{sellerId}}"
              ],
              "query": [
                {
                  "key": "page",
                  "value": 1,
                  "description": "Page number for pagination",
                  "disabled": false
                },
                {
                  "key": "limit",
                  "value": 10,
                  "description": "Number of items per page",
                  "disabled": false
                }
              ]
            }
          },
          "response": []
        },
        {
          "name": "Get product by slug",
          "request": {
            "method": "GET",
            "header": [],
            "url": {
              "raw": "{{baseUrl}}/api/v1/products/slug/{slug}",
              "host": [
                "{{baseUrl}}"
              ],
              "path": [
                "api",
                "v1",
                "products",
                "slug",
                "{slug}",
                "{{slug}}"
              ]
            }
          },
          "response": []
        },
        {
          "name": "Get product by ID",
          "request": {
            "method": "GET",
            "header": [],
            "url": {
              "raw": "{{baseUrl}}/api/v1/products/{id}",
              "host": [
                "{{baseUrl}}"
              ],
              "path": [
                "api",
                "v1",
                "products",
                "{id}",
                "{{id}}"
              ]
            }
          },
          "response": []
        },
        {
          "name": "Delete a product",
          "request": {
            "method": "DELETE",
            "header": [
              {
                "key": "Authorization",
                "value": "Bearer {{authToken}}",
                "type": "text"
              }
            ],
            "url": {
              "raw": "{{baseUrl}}/api/v1/products/{id}",
              "host": [
                "{{baseUrl}}"
              ],
              "path": [
                "api",
                "v1",
                "products",
                "{id}",
                "{{id}}"
              ]
            }
          },
          "response": []
        },
        {
          "name": "Update a product",
          "request": {
            "method": "PUT",
            "header": [
              {
                "key": "Authorization",
                "value": "Bearer {{authToken}}",
                "type": "text"
              }
            ],
            "url": {
              "raw": "{{baseUrl}}/api/v1/products/update/{id}",
              "host": [
                "{{baseUrl}}"
              ],
              "path": [
                "api",
                "v1",
                "products",
                "update",
                "{id}",
                "{{id}}"
              ]
            },
            "body": {
              "mode": "raw",
              "raw": "{}",
              "options": {
                "raw": {
                  "language": "json"
                }
              }
            }
          },
          "response": []
        }
      ]
    },
    {
      "name": "Referrals",
      "item": [
        {
          "name": "Create a new referral code",
          "request": {
            "method": "POST",
            "header": [
              {
                "key": "Authorization",
                "value": "Bearer {{authToken}}",
                "type": "text"
              }
            ],
            "url": {
              "raw": "{{baseUrl}}/api/v1/referrals/codes",
              "host": [
                "{{baseUrl}}"
              ],
              "path": [
                "api",
                "v1",
                "referrals",
                "codes"
              ]
            },
            "body": {
              "mode": "raw",
              "raw": "{}",
              "options": {
                "raw": {
                  "language": "json"
                }
              }
            }
          },
          "response": []
        },
        {
          "name": "Create a new referral",
          "request": {
            "method": "POST",
            "header": [
              {
                "key": "Authorization",
                "value": "Bearer {{authToken}}",
                "type": "text"
              }
            ],
            "url": {
              "raw": "{{baseUrl}}/api/v1/referrals",
              "host": [
                "{{baseUrl}}"
              ],
              "path": [
                "api",
                "v1",
                "referrals"
              ]
            },
            "body": {
              "mode": "raw",
              "raw": "{}",
              "options": {
                "raw": {
                  "language": "json"
                }
              }
            }
          },
          "response": []
        },
        {
          "name": "Validate a referral code",
          "request": {
            "method": "POST",
            "header": [],
            "url": {
              "raw": "{{baseUrl}}/api/v1/referrals/validate",
              "host": [
                "{{baseUrl}}"
              ],
              "path": [
                "api",
                "v1",
                "referrals",
                "validate"
              ]
            },
            "body": {
              "mode": "raw",
              "raw": "{}",
              "options": {
                "raw": {
                  "language": "json"
                }
              }
            }
          },
          "response": []
        },
        {
          "name": "Activate a referral",
          "request": {
            "method": "POST",
            "header": [
              {
                "key": "Authorization",
                "value": "Bearer {{authToken}}",
                "type": "text"
              }
            ],
            "url": {
              "raw": "{{baseUrl}}/api/v1/referrals/activate",
              "host": [
                "{{baseUrl}}"
              ],
              "path": [
                "api",
                "v1",
                "referrals",
                "activate"
              ]
            },
            "body": {
              "mode": "raw",
              "raw": "{}",
              "options": {
                "raw": {
                  "language": "json"
                }
              }
            }
          },
          "response": []
        },
        {
          "name": "Complete a referral",
          "request": {
            "method": "POST",
            "header": [
              {
                "key": "Authorization",
                "value": "Bearer {{authToken}}",
                "type": "text"
              }
            ],
            "url": {
              "raw": "{{baseUrl}}/api/v1/referrals/complete",
              "host": [
                "{{baseUrl}}"
              ],
              "path": [
                "api",
                "v1",
                "referrals",
                "complete"
              ]
            },
            "body": {
              "mode": "raw",
              "raw": "{}",
              "options": {
                "raw": {
                  "language": "json"
                }
              }
            }
          },
          "response": []
        },
        {
          "name": "Get user referral statistics",
          "request": {
            "method": "GET",
            "header": [
              {
                "key": "Authorization",
                "value": "Bearer {{authToken}}",
                "type": "text"
              }
            ],
            "url": {
              "raw": "{{baseUrl}}/api/v1/referrals/stats/{userId}",
              "host": [
                "{{baseUrl}}"
              ],
              "path": [
                "api",
                "v1",
                "referrals",
                "stats",
                "{userId}",
                "{{userId}}"
              ]
            }
          },
          "response": []
        },
        {
          "name": "Get user referral codes",
          "request": {
            "method": "GET",
            "header": [
              {
                "key": "Authorization",
                "value": "Bearer {{authToken}}",
                "type": "text"
              }
            ],
            "url": {
              "raw": "{{baseUrl}}/api/v1/referrals/codes/{userId}",
              "host": [
                "{{baseUrl}}"
              ],
              "path": [
                "api",
                "v1",
                "referrals",
                "codes",
                "{userId}",
                "{{userId}}"
              ]
            }
          },
          "response": []
        },
        {
          "name": "Get user referrals",
          "request": {
            "method": "GET",
            "header": [
              {
                "key": "Authorization",
                "value": "Bearer {{authToken}}",
                "type": "text"
              }
            ],
            "url": {
              "raw": "{{baseUrl}}/api/v1/referrals/{userId}",
              "host": [
                "{{baseUrl}}"
              ],
              "path": [
                "api",
                "v1",
                "referrals",
                "{userId}",
                "{{userId}}"
              ]
            }
          },
          "response": []
        },
        {
          "name": "Get pending commissions for a user",
          "request": {
            "method": "GET",
            "header": [
              {
                "key": "Authorization",
                "value": "Bearer {{authToken}}",
                "type": "text"
              }
            ],
            "url": {
              "raw": "{{baseUrl}}/api/v1/referrals/commissions/pending/{userId}",
              "host": [
                "{{baseUrl}}"
              ],
              "path": [
                "api",
                "v1",
                "referrals",
                "commissions",
                "pending",
                "{userId}",
                "{{userId}}"
              ]
            }
          },
          "response": []
        },
        {
          "name": "Mark commission as paid",
          "request": {
            "method": "POST",
            "header": [
              {
                "key": "Authorization",
                "value": "Bearer {{authToken}}",
                "type": "text"
              }
            ],
            "url": {
              "raw": "{{baseUrl}}/api/v1/referrals/commissions/paid",
              "host": [
                "{{baseUrl}}"
              ],
              "path": [
                "api",
                "v1",
                "referrals",
                "commissions",
                "paid"
              ]
            },
            "body": {
              "mode": "raw",
              "raw": "{}",
              "options": {
                "raw": {
                  "language": "json"
                }
              }
            }
          },
          "response": []
        }
      ]
    },
    {
      "name": "Sellers",
      "item": [
        {
          "name": "Create a new seller",
          "request": {
            "method": "POST",
            "header": [],
            "url": {
              "raw": "{{baseUrl}}/api/v1/sellers",
              "host": [
                "{{baseUrl}}"
              ],
              "path": [
                "api",
                "v1",
                "sellers"
              ]
            },
            "body": {
              "mode": "raw",
              "raw": "{}",
              "options": {
                "raw": {
                  "language": "json"
                }
              }
            }
          },
          "response": []
        },
        {
          "name": "Get all sellers",
          "request": {
            "method": "GET",
            "header": [],
            "url": {
              "raw": "{{baseUrl}}/api/v1/sellers",
              "host": [
                "{{baseUrl}}"
              ],
              "path": [
                "api",
                "v1",
                "sellers"
              ],
              "query": [
                {
                  "key": "page",
                  "value": 1,
                  "description": "Page number for pagination",
                  "disabled": false
                },
                {
                  "key": "limit",
                  "value": 10,
                  "description": "Number of items per page",
                  "disabled": false
                },
                {
                  "key": "search",
                  "value": "",
                  "description": "Search term for filtering sellers",
                  "disabled": false
                },
                {
                  "key": "status",
                  "value": "",
                  "description": "Filter by seller status",
                  "disabled": false
                }
              ]
            }
          },
          "response": []
        },
        {
          "name": "Get seller by ID",
          "request": {
            "method": "GET",
            "header": [],
            "url": {
              "raw": "{{baseUrl}}/api/v1/sellers/{id}",
              "host": [
                "{{baseUrl}}"
              ],
              "path": [
                "api",
                "v1",
                "sellers",
                "{id}",
                "{{id}}"
              ]
            }
          },
          "response": []
        },
        {
          "name": "Update seller (admin)",
          "request": {
            "method": "PUT",
            "header": [
              {
                "key": "Authorization",
                "value": "Bearer {{authToken}}",
                "type": "text"
              }
            ],
            "url": {
              "raw": "{{baseUrl}}/api/v1/sellers/{id}",
              "host": [
                "{{baseUrl}}"
              ],
              "path": [
                "api",
                "v1",
                "sellers",
                "{id}",
                "{{id}}"
              ]
            },
            "body": {
              "mode": "raw",
              "raw": "{}",
              "options": {
                "raw": {
                  "language": "json"
                }
              }
            }
          },
          "response": []
        },
        {
          "name": "Delete seller (admin)",
          "request": {
            "method": "DELETE",
            "header": [
              {
                "key": "Authorization",
                "value": "Bearer {{authToken}}",
                "type": "text"
              }
            ],
            "url": {
              "raw": "{{baseUrl}}/api/v1/sellers/{id}",
              "host": [
                "{{baseUrl}}"
              ],
              "path": [
                "api",
                "v1",
                "sellers",
                "{id}",
                "{{id}}"
              ]
            }
          },
          "response": []
        },
        {
          "name": "Get seller by user ID",
          "request": {
            "method": "GET",
            "header": [],
            "url": {
              "raw": "{{baseUrl}}/api/v1/sellers/user/{userId}",
              "host": [
                "{{baseUrl}}"
              ],
              "path": [
                "api",
                "v1",
                "sellers",
                "user",
                "{userId}",
                "{{userId}}"
              ]
            }
          },
          "response": []
        },
        {
          "name": "Get my seller profile",
          "request": {
            "method": "GET",
            "header": [
              {
                "key": "Authorization",
                "value": "Bearer {{authToken}}",
                "type": "text"
              }
            ],
            "url": {
              "raw": "{{baseUrl}}/api/v1/sellers/profile/me",
              "host": [
                "{{baseUrl}}"
              ],
              "path": [
                "api",
                "v1",
                "sellers",
                "profile",
                "me"
              ]
            }
          },
          "response": []
        },
        {
          "name": "Update my seller profile",
          "request": {
            "method": "PUT",
            "header": [
              {
                "key": "Authorization",
                "value": "Bearer {{authToken}}",
                "type": "text"
              }
            ],
            "url": {
              "raw": "{{baseUrl}}/api/v1/sellers/profile/me",
              "host": [
                "{{baseUrl}}"
              ],
              "path": [
                "api",
                "v1",
                "sellers",
                "profile",
                "me"
              ]
            },
            "body": {
              "mode": "raw",
              "raw": "{}",
              "options": {
                "raw": {
                  "language": "json"
                }
              }
            }
          },
          "response": []
        },
        {
          "name": "Get my seller statistics",
          "request": {
            "method": "GET",
            "header": [
              {
                "key": "Authorization",
                "value": "Bearer {{authToken}}",
                "type": "text"
              }
            ],
            "url": {
              "raw": "{{baseUrl}}/api/v1/sellers/profile/me/stats",
              "host": [
                "{{baseUrl}}"
              ],
              "path": [
                "api",
                "v1",
                "sellers",
                "profile",
                "me",
                "stats"
              ]
            }
          },
          "response": []
        },
        {
          "name": "Approve seller (admin)",
          "request": {
            "method": "POST",
            "header": [
              {
                "key": "Authorization",
                "value": "Bearer {{authToken}}",
                "type": "text"
              }
            ],
            "url": {
              "raw": "{{baseUrl}}/api/v1/sellers/{id}/approve",
              "host": [
                "{{baseUrl}}"
              ],
              "path": [
                "api",
                "v1",
                "sellers",
                "{id}",
                "{{id}}"
              ]
            }
          },
          "response": []
        },
        {
          "name": "Reject seller (admin)",
          "request": {
            "method": "POST",
            "header": [
              {
                "key": "Authorization",
                "value": "Bearer {{authToken}}",
                "type": "text"
              }
            ],
            "url": {
              "raw": "{{baseUrl}}/api/v1/sellers/{id}/reject",
              "host": [
                "{{baseUrl}}"
              ],
              "path": [
                "api",
                "v1",
                "sellers",
                "{id}",
                "{{id}}"
              ]
            }
          },
          "response": []
        },
        {
          "name": "Suspend seller (admin)",
          "request": {
            "method": "POST",
            "header": [
              {
                "key": "Authorization",
                "value": "Bearer {{authToken}}",
                "type": "text"
              }
            ],
            "url": {
              "raw": "{{baseUrl}}/api/v1/sellers/{id}/suspend",
              "host": [
                "{{baseUrl}}"
              ],
              "path": [
                "api",
                "v1",
                "sellers",
                "{id}",
                "{{id}}"
              ]
            }
          },
          "response": []
        },
        {
          "name": "Get seller statistics (admin)",
          "request": {
            "method": "GET",
            "header": [
              {
                "key": "Authorization",
                "value": "Bearer {{authToken}}",
                "type": "text"
              }
            ],
            "url": {
              "raw": "{{baseUrl}}/api/v1/sellers/{id}/stats",
              "host": [
                "{{baseUrl}}"
              ],
              "path": [
                "api",
                "v1",
                "sellers",
                "{id}",
                "{{id}}"
              ]
            }
          },
          "response": []
        },
        {
          "name": "Sync product counts (admin)",
          "request": {
            "method": "POST",
            "header": [
              {
                "key": "Authorization",
                "value": "Bearer {{authToken}}",
                "type": "text"
              }
            ],
            "url": {
              "raw": "{{baseUrl}}/api/v1/sellers/sync-product-counts",
              "host": [
                "{{baseUrl}}"
              ],
              "path": [
                "api",
                "v1",
                "sellers",
                "sync-product-counts"
              ]
            }
          },
          "response": []
        }
      ]
    },
    {
      "name": "Users",
      "item": [
        {
          "name": "Register a new user",
          "request": {
            "method": "POST",
            "header": [],
            "url": {
              "raw": "{{baseUrl}}/api/users/register",
              "host": [
                "{{baseUrl}}"
              ],
              "path": [
                "api",
                "users",
                "register"
              ]
            },
            "body": {
              "mode": "raw",
              "raw": "{}",
              "options": {
                "raw": {
                  "language": "json"
                }
              }
            }
          },
          "response": []
        },
        {
          "name": "Get user profile",
          "request": {
            "method": "GET",
            "header": [
              {
                "key": "Authorization",
                "value": "Bearer {{authToken}}",
                "type": "text"
              }
            ],
            "url": {
              "raw": "{{baseUrl}}/api/users/profile",
              "host": [
                "{{baseUrl}}"
              ],
              "path": [
                "api",
                "users",
                "profile"
              ]
            }
          },
          "response": []
        },
        {
          "name": "Get all users",
          "request": {
            "method": "GET",
            "header": [
              {
                "key": "Authorization",
                "value": "Bearer {{authToken}}",
                "type": "text"
              }
            ],
            "url": {
              "raw": "{{baseUrl}}/api/users",
              "host": [
                "{{baseUrl}}"
              ],
              "path": [
                "api",
                "users"
              ],
              "query": [
                {
                  "key": "page",
                  "value": 1,
                  "description": "Page number for pagination",
                  "disabled": false
                },
                {
                  "key": "limit",
                  "value": 10,
                  "description": "Number of items per page",
                  "disabled": false
                },
                {
                  "key": "search",
                  "value": "",
                  "description": "Search term for filtering users",
                  "disabled": false
                }
              ]
            }
          },
          "response": []
        },
        {
          "name": "Get all users (alternative endpoint)",
          "request": {
            "method": "GET",
            "header": [
              {
                "key": "Authorization",
                "value": "Bearer {{authToken}}",
                "type": "text"
              }
            ],
            "url": {
              "raw": "{{baseUrl}}/api/users/all",
              "host": [
                "{{baseUrl}}"
              ],
              "path": [
                "api",
                "users",
                "all"
              ],
              "query": [
                {
                  "key": "page",
                  "value": 1,
                  "description": "Page number for pagination",
                  "disabled": false
                },
                {
                  "key": "limit",
                  "value": 10,
                  "description": "Number of items per page",
                  "disabled": false
                },
                {
                  "key": "search",
                  "value": "",
                  "description": "Search term for filtering users",
                  "disabled": false
                }
              ]
            }
          },
          "response": []
        }
      ]
    }
  ],
  "variable": [
    {
      "key": "baseUrl",
      "value": "http://localhost:3001",
      "type": "string"
    },
    {
      "key": "authToken",
      "value": "your_jwt_token_here",
      "type": "string"
    },
    {
      "key": "addressId",
      "value": "your_addressId_here",
      "type": "string"
    },
    {
      "key": "type",
      "value": "your_type_here",
      "type": "string"
    },
    {
      "key": "id",
      "value": "your_id_here",
      "type": "string"
    },
    {
      "key": "valueId",
      "value": "your_valueId_here",
      "type": "string"
    },
    {
      "key": "slug",
      "value": "your_slug_here",
      "type": "string"
    },
    {
      "key": "checkoutId",
      "value": "your_checkoutId_here",
      "type": "string"
    },
    {
      "key": "code",
      "value": "your_code_here",
      "type": "string"
    },
    {
      "key": "categoryId",
      "value": "your_categoryId_here",
      "type": "string"
    },
    {
      "key": "sellerId",
      "value": "your_sellerId_here",
      "type": "string"
    },
    {
      "key": "userId",
      "value": "your_userId_here",
      "type": "string"
    }
  ]
}